[{"model": "attendance.coach", "pk": 1, "fields": {"first_name": "Nick", "last_name": "Such"}}, {"model": "attendance.coach", "pk": 2, "fields": {"first_name": "Brian", "last_name": "Raney"}}, {"model": "attendance.coach", "pk": 3, "fields": {"first_name": "Kyle", "last_name": "Raney"}}, {"model": "attendance.coach", "pk": 4, "fields": {"first_name": "Justin", "last_name": "Raney"}}, {"model": "attendance.coach", "pk": 5, "fields": {"first_name": "Emily", "last_name": "Andrews"}}, {"model": "attendance.student", "pk": 1, "fields": {"first_name": "Melisandre", "last_name": "of Asshai", "profile": 6}}, {"model": "attendance.student", "pk": 2, "fields": {"first_name": "Tryion", "last_name": "Lannister", "profile": 2}}, {"model": "attendance.student", "pk": 3, "fields": {"first_name": "Dany", "last_name": "Targaryen", "profile": 3}}, {"model": "attendance.student", "pk": 4, "fields": {"first_name": "Hodor", "last_name": "of Winterfell", "profile": 4}}, {"model": "attendance.student", "pk": 5, "fields": {"first_name": "Jon", "last_name": "Snow", "profile": 5}}, {"model": "attendance.studentprofile", "pk": 2, "fields": {"email": "tryion@gmail.com", "phone": "12705551234", "github_user_name": "demon_imp", "bio": "A Lannister always pays their debts..."}}, {"model": "attendance.studentprofile", "pk": 3, "fields": {"email": "dany@gmail.com", "phone": "12705551234", "github_user_name": "mother_of_dragons", "bio": "I do not have a gentle heart"}}, {"model": "attendance.studentprofile", "pk": 4, "fields": {"email": "hodor@gmail.com", "phone": "12705551234", "github_user_name": "hodor", "bio": "Hodor"}}, {"model": "attendance.studentprofile", "pk": 5, "fields": {"email": "jon@gmail.com", "phone": "12705551234", "github_user_name": "I_love_ygritte", "bio": "I know nothing"}}, {"model": "attendance.studentprofile", "pk": 6, "fields": {"email": "Melisandre@gmail.com", "phone": "12705551234", "github_user_name": "Iord_of_light", "bio": "The night is dark and full of terrors"}}, {"model": "attendance.studentguardian", "pk": 1, "fields": {"name": "Tywin Lannister", "student": 2}}, {"model": "attendance.studentguardian", "pk": 2, "fields": {"name": "Rhaegar Targaryen", "student": 3}}, {"model": "attendance.studentguardian", "pk": 3, "fields": {"name": "Old Nan", "student": 4}}, {"model": "attendance.studentguardian", "pk": 4, "fields": {"name": "Ned Stark", "student": 5}}, {"model": "attendance.studentguardian", "pk": 5, "fields": {"name": "Lord of Light", "student": 1}}, {"model": "attendance.class", "pk": 1, "fields": {"class_name": "Android"}}, {"model": "attendance.class", "pk": 2, "fields": {"class_name": "iOS"}}, {"model": "attendance.class", "pk": 3, "fields": {"class_name": "Unity"}}, {"model": "attendance.enrollment", "pk": 1, "fields": {"_class": 2, "student": 3, "coach": 1}}, {"model": "attendance.enrollment", "pk": 2, "fields": {"_class": 2, "student": 1, "coach": 1}}, {"model": "attendance.enrollment", "pk": 3, "fields": {"_class": 2, "student": 2, "coach": 1}}, {"model": "attendance.enrollment", "pk": 4, "fields": {"_class": 2, "student": 4, "coach": 1}}, {"model": "attendance.enrollment", "pk": 5, "fields": {"_class": 3, "student": 4, "coach": 3}}, {"model": "attendance.enrollment", "pk": 6, "fields": {"_class": 3, "student": 2, "coach": 3}}, {"model": "attendance.enrollment", "pk": 7, "fields": {"_class": 3, "student": 5, "coach": 3}}, {"model": "attendance.enrollment", "pk": 8, "fields": {"_class": 1, "student": 1, "coach": 5}}, {"model": "attendance.enrollment", "pk": 9, "fields": {"_class": 1, "student": 3, "coach": 5}}, {"model": "attendance.enrollment", "pk": 10, "fields": {"_class": 2, "student": 2, "coach": 4}}, {"model": "attendance.enrollment", "pk": 11, "fields": {"_class": 1, "student": 2, "coach": 2}}, {"model": "attendance.classsession", "pk": 1, "fields": {"class_date": "2016-05-31T18:00:00Z", "_class": 2, "coach": 1}}, {"model": "attendance.classsession", "pk": 2, "fields": {"class_date": "2016-06-01T06:00:00Z", "_class": 1, "coach": 2}}, {"model": "attendance.classsession", "pk": 3, "fields": {"class_date": "2016-06-01T12:00:00Z", "_class": 2, "coach": 1}}, {"model": "attendance.classsession", "pk": 4, "fields": {"class_date": "2016-06-03T18:00:00Z", "_class": 2, "coach": 1}}, {"model": "attendance.classsession", "pk": 5, "fields": {"class_date": "2016-06-06T00:00:00Z", "_class": 2, "coach": 4}}, {"model": "attendance.classsession", "pk": 6, "fields": {"class_date": "2016-05-31T17:47:05Z", "_class": 3, "coach": 3}}, {"model": "attendance.classsession", "pk": 7, "fields": {"class_date": "2016-05-31T17:47:14Z", "_class": 1, "coach": 2}}, {"model": "attendance.classsession", "pk": 8, "fields": {"class_date": "2016-05-31T17:47:21Z", "_class": 1, "coach": 5}}, {"model": "attendance.classsession", "pk": 9, "fields": {"class_date": "2016-06-01T17:47:29Z", "_class": 1, "coach": 5}}, {"model": "attendance.attendancerecord", "pk": 1, "fields": {"coach": 1, "student": 4, "_class": 2, "session": 1, "attended": true}}, {"model": "attendance.attendancerecord", "pk": 2, "fields": {"coach": 1, "student": 3, "_class": 2, "session": 1, "attended": false}}, {"model": "attendance.attendancerecord", "pk": 3, "fields": {"coach": 1, "student": 1, "_class": 2, "session": 1, "attended": false}}, {"model": "attendance.attendancerecord", "pk": 4, "fields": {"coach": 1, "student": 5, "_class": 2, "session": 1, "attended": true}}, {"model": "attendance.attendancerecord", "pk": 5, "fields": {"coach": 1, "student": 2, "_class": 2, "session": 1, "attended": true}}]